{"cameraMode":{"drawMode":0,"name":"Shaded","section":"Shading Mode"},"sceneLighting":true,"audioPlay":false,"sceneViewState":{"m_AlwaysRefresh":false,"showFog":true,"showSkybox":true,"showFlares":true,"showImageEffects":true,"showParticleSystems":true,"showVisualEffectGraphs":true,"m_FxEnabled":true},"in2DMode":false,"pivot":{"x":-137.8108367919922,"y":2.8207271099090578,"z":147.58033752441407},"rotation":{"x":-0.029148399829864503,"y":0.7315908074378967,"z":-0.031072646379470826,"w":-0.6807166337966919},"size":139.6517333984375,"orthographic":false}