{"cameraMode":{"drawMode":0,"name":"Shaded","section":"Shading Mode"},"sceneLighting":true,"audioPlay":false,"sceneViewState":{"m_AlwaysRefresh":false,"showFog":true,"showSkybox":true,"showFlares":true,"showImageEffects":true,"showParticleSystems":true,"showVisualEffectGraphs":true,"m_FxEnabled":true},"in2DMode":false,"pivot":{"x":53.212188720703128,"y":-47.81500244140625,"z":159.6841278076172},"rotation":{"x":0.30129462480545046,"y":0.0008743994985707104,"z":-0.00020797802426386625,"w":0.9536681771278381},"size":55.16750717163086,"orthographic":false}