{"cameraMode":{"drawMode":0,"name":"Shaded","section":"Shading Mode"},"sceneLighting":true,"audioPlay":false,"sceneViewState":{"m_AlwaysRefresh":false,"showFog":true,"showSkybox":true,"showFlares":true,"showImageEffects":true,"showParticleSystems":true,"showVisualEffectGraphs":true,"m_FxEnabled":true},"in2DMode":false,"pivot":{"x":3.456331729888916,"y":-5.289212703704834,"z":96.61360168457031},"rotation":{"x":-0.04950445517897606,"y":0.00007547272980445996,"z":0.0003030516963917762,"w":-0.9991341829299927},"size":52.46513366699219,"orthographic":false}