{"cameraMode":{"drawMode":0,"name":"Shaded","section":"Shading Mode"},"sceneLighting":true,"audioPlay":false,"sceneViewState":{"m_AlwaysRefresh":false,"showFog":true,"showSkybox":true,"showFlares":true,"showImageEffects":true,"showParticleSystems":true,"showVisualEffectGraphs":true,"m_FxEnabled":true},"in2DMode":false,"pivot":{"x":-18.54877471923828,"y":0.21552513539791108,"z":79.98167419433594},"rotation":{"x":-0.01564931496977806,"y":-0.9277699589729309,"z":0.37164127826690676,"w":-0.03869723901152611},"size":53.66727828979492,"orthographic":false}