{"cameraMode":{"drawMode":0,"name":"Shaded","section":"Shading Mode"},"sceneLighting":true,"audioPlay":false,"sceneViewState":{"m_AlwaysRefresh":false,"showFog":true,"showSkybox":true,"showFlares":true,"showImageEffects":true,"showParticleSystems":true,"showVisualEffectGraphs":true,"m_FxEnabled":true},"in2DMode":false,"pivot":{"x":-2.69264554977417,"y":0.42374324798583987,"z":78.93601989746094},"rotation":{"x":0.021409159526228906,"y":0.21164675056934358,"z":-0.0046603986993432049,"w":0.9772477149963379},"size":16.986108779907228,"orthographic":false}